               epoch,      train/box_loss,      train/obj_loss,      train/cls_loss,   metrics/precision,      metrics/recall,     metrics/mAP_0.5,metrics/mAP_0.5:0.95,        val/box_loss,        val/obj_loss,        val/cls_loss,               x/lr0,               x/lr1,               x/lr2
                   0,            0.092053,            0.045687,            0.023443,             0.53075,            0.043487,            0.019848,            0.005146,            0.079501,            0.036171,             0.02225,           0.0033274,           0.0033274,            0.070054
                   1,            0.071767,             0.04357,               0.016,             0.13946,             0.23543,             0.09991,            0.035663,            0.067769,            0.031468,            0.024487,           0.0066606,           0.0066606,            0.040053
                   2,            0.062214,             0.04159,            0.012401,             0.13563,             0.29798,            0.098816,            0.038664,            0.069763,            0.032498,            0.059668,           0.0099932,           0.0099932,            0.010053
                   3,            0.056485,            0.039998,            0.010245,             0.20947,             0.33253,             0.13401,            0.065308,            0.061886,            0.037224,             0.10419,            0.009998,            0.009998,            0.009998
                   4,            0.053049,            0.038525,            0.008941,             0.29926,             0.37848,             0.22063,             0.11567,            0.054185,             0.03174,            0.064047,            0.009998,            0.009998,            0.009998
                   5,            0.051179,            0.037818,           0.0082311,             0.36447,             0.41612,             0.28902,             0.15791,            0.051346,            0.029205,            0.045069,           0.0099965,           0.0099965,           0.0099965
                   6,            0.049935,             0.03725,           0.0077561,             0.36826,              0.4301,             0.30143,             0.16984,            0.050218,             0.02858,            0.051317,           0.0099945,           0.0099945,           0.0099945
                   7,            0.048935,             0.03694,           0.0074466,             0.39753,             0.45325,             0.33971,             0.19725,            0.048246,            0.027436,            0.039483,           0.0099921,           0.0099921,           0.0099921
                   8,            0.048169,            0.036385,           0.0071516,             0.44307,             0.49722,             0.42257,             0.25253,            0.045752,            0.026035,            0.019098,           0.0099893,           0.0099893,           0.0099893
                   9,            0.047626,            0.036091,           0.0069547,             0.49325,             0.51535,             0.47842,             0.29132,            0.044366,             0.02505,            0.013736,            0.009986,            0.009986,            0.009986
                  10,             0.04702,            0.035873,           0.0067675,             0.53218,             0.52045,             0.51201,             0.31676,            0.043308,            0.024297,           0.0082635,           0.0099822,           0.0099822,           0.0099822
                  11,            0.046631,            0.035698,           0.0066829,             0.57846,             0.53481,             0.54776,             0.34293,            0.042376,            0.023842,           0.0070072,           0.0099781,           0.0099781,           0.0099781
                  12,            0.046191,            0.035473,           0.0065095,             0.61865,             0.54343,             0.57259,              0.3606,            0.041668,            0.023372,           0.0051442,           0.0099735,           0.0099735,           0.0099735
                  13,             0.04587,            0.035255,           0.0064253,             0.64148,             0.56045,             0.59265,             0.37821,            0.040978,            0.022899,           0.0044171,           0.0099685,           0.0099685,           0.0099685
                  14,            0.045605,            0.035033,           0.0062891,             0.64853,             0.57648,             0.60403,             0.39047,            0.040442,            0.022679,           0.0042141,            0.009963,            0.009963,            0.009963
                  15,            0.045261,            0.035026,           0.0062782,             0.65236,             0.57933,             0.61148,             0.39754,            0.040068,            0.022444,           0.0041261,           0.0099571,           0.0099571,           0.0099571
                  16,            0.045029,            0.034931,           0.0061488,             0.67011,             0.58304,             0.62241,             0.40728,            0.039633,            0.022258,           0.0038342,           0.0099508,           0.0099508,           0.0099508
                  17,            0.044644,            0.034641,           0.0060715,             0.67523,             0.59155,             0.63135,             0.41529,            0.039286,            0.022071,           0.0037299,            0.009944,            0.009944,            0.009944
                  18,            0.044504,            0.034682,           0.0060415,              0.6908,             0.59071,             0.63593,             0.42097,            0.038972,            0.021964,            0.003664,           0.0099368,           0.0099368,           0.0099368
                  19,            0.044264,            0.034481,           0.0059827,             0.68873,             0.59939,              0.6418,             0.42636,            0.038712,            0.021834,           0.0036013,           0.0099291,           0.0099291,           0.0099291
                  20,            0.044163,            0.034365,           0.0060236,             0.69612,             0.60081,             0.64804,             0.43171,            0.038464,             0.02169,           0.0035199,           0.0099211,           0.0099211,           0.0099211
                  21,            0.043947,            0.034366,           0.0059161,             0.70368,             0.60221,             0.65089,             0.43557,            0.038249,             0.02164,           0.0034774,           0.0099126,           0.0099126,           0.0099126
                  22,            0.043821,            0.034254,           0.0058749,               0.696,              0.6132,             0.65518,             0.43957,            0.038055,            0.021582,           0.0034228,           0.0099037,           0.0099037,           0.0099037
                  23,            0.043714,            0.034164,           0.0057214,             0.71104,             0.60625,             0.65808,             0.44301,             0.03787,            0.021471,           0.0033796,           0.0098943,           0.0098943,           0.0098943
                  24,            0.043531,            0.034077,           0.0057682,             0.69954,             0.61753,             0.66041,             0.44593,            0.037727,            0.021393,           0.0033479,           0.0098845,           0.0098845,           0.0098845
                  25,            0.043394,            0.033955,           0.0057266,             0.70574,             0.61731,             0.66336,             0.44913,            0.037598,            0.021346,            0.003317,           0.0098743,           0.0098743,           0.0098743
                  26,             0.04338,            0.034082,           0.0056823,             0.70734,             0.61807,             0.66578,             0.45208,            0.037466,            0.021287,           0.0032856,           0.0098637,           0.0098637,           0.0098637
                  27,            0.043226,            0.033934,           0.0056604,             0.71599,             0.61472,             0.66807,             0.45375,            0.037359,            0.021232,           0.0032537,           0.0098527,           0.0098527,           0.0098527
                  28,            0.043084,             0.03384,           0.0056398,             0.71507,             0.61847,             0.66982,             0.45541,            0.037268,             0.02118,           0.0032314,           0.0098412,           0.0098412,           0.0098412
                  29,            0.043068,            0.033949,           0.0056457,             0.71953,              0.6175,             0.67115,             0.45716,            0.037186,            0.021144,           0.0032136,           0.0098293,           0.0098293,           0.0098293
                  30,            0.042892,            0.033795,           0.0055689,             0.69658,             0.63484,             0.67238,             0.45859,            0.037113,            0.021103,           0.0031953,            0.009817,            0.009817,            0.009817
                  31,            0.042837,            0.033783,            0.005575,             0.70218,             0.63296,             0.67367,             0.46014,            0.037053,            0.021074,             0.00318,           0.0098042,           0.0098042,           0.0098042
                  32,            0.042667,            0.033723,           0.0054815,             0.71465,             0.62651,             0.67485,             0.46132,            0.036991,            0.021042,           0.0031652,           0.0097911,           0.0097911,           0.0097911
                  33,            0.042677,            0.033645,           0.0055188,             0.70334,              0.6365,             0.67581,             0.46274,            0.036938,            0.021014,            0.003151,           0.0097775,           0.0097775,           0.0097775
                  34,            0.042454,            0.033514,           0.0054293,             0.70254,             0.63799,             0.67682,             0.46341,            0.036891,            0.020983,           0.0031389,           0.0097635,           0.0097635,           0.0097635
                  35,            0.042562,             0.03365,           0.0054541,             0.70731,             0.63627,             0.67755,             0.46448,            0.036847,            0.020954,            0.003127,           0.0097491,           0.0097491,           0.0097491
                  36,             0.04233,            0.033449,           0.0054098,              0.7056,             0.63785,             0.67836,             0.46557,            0.036808,            0.020927,           0.0031165,           0.0097343,           0.0097343,           0.0097343
                  37,            0.042349,            0.033482,           0.0053524,             0.70377,             0.64021,             0.67898,             0.46637,            0.036769,            0.020901,           0.0031086,           0.0097191,           0.0097191,           0.0097191
                  38,            0.042304,            0.033443,           0.0054235,              0.7084,              0.6372,             0.67948,             0.46718,            0.036732,            0.020881,           0.0031003,           0.0097035,           0.0097035,           0.0097035
                  39,            0.042165,            0.033306,           0.0053804,             0.71416,             0.63477,              0.6804,             0.46811,            0.036698,            0.020859,           0.0030918,           0.0096875,           0.0096875,           0.0096875
                  40,            0.042009,            0.033296,           0.0053434,             0.70991,             0.63861,             0.68097,             0.46864,            0.036667,            0.020839,           0.0030846,            0.009671,            0.009671,            0.009671
                  41,            0.042033,            0.033246,           0.0052889,             0.71434,             0.63626,             0.68167,             0.46911,            0.036634,            0.020819,           0.0030768,           0.0096542,           0.0096542,           0.0096542
                  42,            0.042018,            0.033367,           0.0053618,              0.7214,             0.63254,             0.68224,             0.46971,            0.036604,            0.020802,           0.0030712,           0.0096369,           0.0096369,           0.0096369
                  43,            0.041936,            0.033252,           0.0052797,             0.72036,             0.63474,             0.68306,             0.47033,            0.036577,            0.020783,           0.0030638,           0.0096193,           0.0096193,           0.0096193
                  44,            0.041801,            0.033111,           0.0052251,             0.73333,             0.62724,             0.68365,              0.4711,             0.03655,            0.020765,            0.003058,           0.0096013,           0.0096013,           0.0096013
                  45,            0.041806,            0.033197,           0.0052258,             0.73477,              0.6268,             0.68413,             0.47167,            0.036527,             0.02075,            0.003052,           0.0095828,           0.0095828,           0.0095828
                  46,            0.041748,            0.033267,           0.0051718,             0.71735,              0.6386,             0.68453,             0.47213,            0.036503,            0.020736,           0.0030451,            0.009564,            0.009564,            0.009564
                  47,             0.04168,            0.032998,           0.0051883,              0.7187,             0.63871,             0.68501,             0.47276,             0.03648,            0.020723,           0.0030392,           0.0095448,           0.0095448,           0.0095448
                  48,            0.041661,            0.033134,           0.0051791,              0.7321,             0.63034,             0.68552,             0.47316,            0.036457,            0.020711,           0.0030343,           0.0095252,           0.0095252,           0.0095252
                  49,            0.041657,            0.033117,           0.0051938,             0.73551,              0.6287,             0.68615,             0.47388,            0.036433,            0.020699,           0.0030277,           0.0095052,           0.0095052,           0.0095052
                  50,            0.041526,            0.033064,           0.0051096,             0.72294,             0.63779,             0.68653,             0.47447,             0.03641,            0.020688,           0.0030211,           0.0094849,           0.0094849,           0.0094849
                  51,            0.041465,             0.03306,           0.0051473,             0.71569,              0.6435,             0.68679,             0.47494,            0.036389,            0.020679,           0.0030153,           0.0094641,           0.0094641,           0.0094641
                  52,            0.041473,            0.032959,           0.0051175,             0.71513,             0.64472,              0.6874,             0.47539,            0.036368,            0.020672,           0.0030105,            0.009443,            0.009443,            0.009443
                  53,            0.041371,            0.032771,           0.0050993,             0.71893,             0.64257,             0.68778,             0.47596,            0.036342,            0.020663,           0.0030047,           0.0094215,           0.0094215,           0.0094215
                  54,            0.041317,            0.032911,           0.0050964,             0.71107,             0.64855,             0.68829,             0.47668,            0.036317,            0.020652,           0.0029978,           0.0093996,           0.0093996,           0.0093996
                  55,            0.041333,            0.032894,           0.0051091,               0.712,             0.64891,             0.68889,             0.47715,            0.036289,            0.020642,           0.0029911,           0.0093773,           0.0093773,           0.0093773
                  56,             0.04126,            0.032873,           0.0050483,             0.71955,             0.64426,              0.6893,              0.4777,            0.036265,            0.020634,           0.0029845,           0.0093547,           0.0093547,           0.0093547
                  57,            0.041242,            0.032882,            0.005079,             0.72062,             0.64485,             0.69013,             0.47833,             0.03624,            0.020623,           0.0029762,           0.0093317,           0.0093317,           0.0093317
                  58,            0.041175,            0.032962,            0.005033,             0.73136,             0.63891,             0.69078,             0.47907,            0.036213,            0.020612,            0.002968,           0.0093083,           0.0093083,           0.0093083
                  59,              0.0412,            0.032669,           0.0050939,             0.72696,             0.64309,             0.69153,             0.47984,            0.036188,            0.020603,           0.0029598,           0.0092846,           0.0092846,           0.0092846
                  60,             0.04112,            0.032764,           0.0049854,              0.7351,             0.63748,              0.6923,             0.48042,            0.036159,            0.020593,           0.0029521,           0.0092605,           0.0092605,           0.0092605
                  61,            0.041069,            0.032761,           0.0049396,             0.72429,             0.64566,              0.6929,             0.48115,            0.036129,            0.020581,           0.0029428,           0.0092361,           0.0092361,           0.0092361
                  62,            0.040933,            0.032664,           0.0049764,             0.72775,             0.64382,             0.69329,             0.48164,              0.0361,            0.020572,           0.0029346,           0.0092113,           0.0092113,           0.0092113
                  63,             0.04097,            0.032666,           0.0049593,             0.72912,             0.64447,             0.69426,             0.48254,            0.036068,            0.020562,           0.0029265,           0.0091861,           0.0091861,           0.0091861
                  64,            0.040962,            0.032649,           0.0049553,             0.73062,             0.64449,             0.69486,             0.48321,            0.036036,             0.02055,           0.0029169,           0.0091606,           0.0091606,           0.0091606
                  65,            0.040962,            0.032728,           0.0049736,             0.72979,             0.64606,             0.69535,             0.48395,            0.036007,            0.020541,           0.0029087,           0.0091348,           0.0091348,           0.0091348
                  66,             0.04082,            0.032679,           0.0049038,             0.73264,             0.64538,             0.69601,             0.48471,            0.035972,            0.020528,           0.0028995,           0.0091086,           0.0091086,           0.0091086
                  67,             0.04081,            0.032557,           0.0049331,             0.73071,              0.6477,             0.69669,             0.48535,            0.035937,            0.020514,           0.0028905,           0.0090821,           0.0090821,           0.0090821
                  68,            0.040817,            0.032665,           0.0049681,             0.72893,             0.65011,              0.6975,             0.48617,            0.035901,              0.0205,            0.002881,           0.0090552,           0.0090552,           0.0090552
                  69,            0.040723,             0.03255,           0.0048913,             0.73243,             0.64793,             0.69819,             0.48692,            0.035867,            0.020487,           0.0028727,            0.009028,            0.009028,            0.009028
                  70,            0.040823,            0.032688,           0.0048896,             0.74262,              0.6419,             0.69887,              0.4876,            0.035829,             0.02047,            0.002862,           0.0090004,           0.0090004,           0.0090004
                  71,            0.040723,            0.032424,           0.0048855,             0.74033,             0.64459,             0.69983,             0.48849,            0.035792,            0.020456,           0.0028536,           0.0089726,           0.0089726,           0.0089726
                  72,              0.0407,            0.032477,            0.004914,             0.75677,             0.63545,             0.70074,             0.48939,            0.035754,            0.020437,           0.0028426,           0.0089444,           0.0089444,           0.0089444
                  73,            0.040599,            0.032399,           0.0048228,             0.75051,             0.64059,             0.70162,              0.4903,            0.035715,             0.02042,           0.0028308,           0.0089159,           0.0089159,           0.0089159
                  74,            0.040578,            0.032373,           0.0048511,             0.75798,             0.63728,             0.70261,             0.49128,            0.035675,            0.020398,           0.0028202,            0.008887,            0.008887,            0.008887
                  75,            0.040617,            0.032488,           0.0048657,             0.75249,             0.64153,             0.70354,             0.49224,            0.035636,            0.020377,           0.0028088,           0.0088579,           0.0088579,           0.0088579
                  76,            0.040658,            0.032325,           0.0048804,             0.74174,             0.64965,             0.70438,             0.49303,            0.035597,            0.020358,           0.0027983,           0.0088284,           0.0088284,           0.0088284
                  77,            0.040498,            0.032463,            0.004772,             0.74435,             0.64919,              0.7056,             0.49376,             0.03556,            0.020335,           0.0027866,           0.0087987,           0.0087987,           0.0087987
                  78,            0.040399,            0.032374,            0.004765,             0.75617,             0.64241,             0.70642,             0.49466,            0.035519,            0.020314,           0.0027755,           0.0087686,           0.0087686,           0.0087686
                  79,            0.040439,            0.032442,           0.0048224,             0.74081,              0.6538,             0.70719,             0.49551,             0.03548,            0.020292,           0.0027646,           0.0087382,           0.0087382,           0.0087382
                  80,            0.040429,            0.032421,           0.0047758,             0.74908,             0.64937,             0.70823,             0.49636,            0.035441,            0.020268,           0.0027527,           0.0087075,           0.0087075,           0.0087075
                  81,            0.040365,            0.032228,           0.0048049,             0.74935,             0.65055,             0.70938,             0.49732,            0.035401,            0.020242,           0.0027403,           0.0086765,           0.0086765,           0.0086765
                  82,            0.040278,            0.032175,            0.004757,             0.74867,             0.65203,             0.71033,             0.49852,             0.03536,            0.020214,           0.0027281,           0.0086452,           0.0086452,           0.0086452
                  83,            0.040223,            0.032075,           0.0047473,             0.75372,             0.64989,             0.71126,             0.49949,            0.035319,            0.020188,            0.002716,           0.0086137,           0.0086137,           0.0086137
                  84,            0.040319,            0.032335,           0.0047536,             0.75588,             0.64958,             0.71215,              0.5003,             0.03528,            0.020162,           0.0027047,           0.0085818,           0.0085818,           0.0085818
                  85,            0.040184,            0.032162,           0.0047403,             0.74891,              0.6554,             0.71334,             0.50133,            0.035237,            0.020134,           0.0026954,           0.0085497,           0.0085497,           0.0085497
                  86,             0.04026,            0.032183,           0.0046763,              0.7517,             0.65483,             0.71419,             0.50233,            0.035197,            0.020108,           0.0026847,           0.0085173,           0.0085173,           0.0085173
                  87,            0.040093,            0.032184,           0.0047091,             0.75255,              0.6554,             0.71514,              0.5032,            0.035155,            0.020083,           0.0026734,           0.0084846,           0.0084846,           0.0084846
                  88,             0.04013,             0.03216,           0.0046753,             0.75069,             0.65799,             0.71586,             0.50415,            0.035115,            0.020057,           0.0026621,           0.0084516,           0.0084516,           0.0084516
                  89,            0.040017,            0.032145,           0.0046544,              0.7501,              0.6596,             0.71664,             0.50513,            0.035074,             0.02003,           0.0026507,           0.0084184,           0.0084184,           0.0084184
                  90,            0.040106,            0.032113,           0.0046859,             0.75024,             0.66129,             0.71789,             0.50623,            0.035032,            0.020004,            0.002639,           0.0083849,           0.0083849,           0.0083849
                  91,            0.040027,            0.032038,            0.004694,             0.75367,             0.66022,             0.71906,             0.50735,            0.034991,            0.019978,           0.0026267,           0.0083511,           0.0083511,           0.0083511
                  92,            0.040043,            0.032107,            0.004621,             0.75068,             0.66355,             0.72009,             0.50798,            0.034952,            0.019952,           0.0026144,           0.0083171,           0.0083171,           0.0083171
                  93,            0.039928,            0.032047,            0.004622,             0.74559,             0.66817,              0.7212,             0.50889,            0.034912,            0.019926,           0.0026032,           0.0082829,           0.0082829,           0.0082829
                  94,             0.03996,            0.032114,           0.0046099,             0.76911,             0.65321,             0.72182,             0.50994,            0.034873,            0.019901,            0.002594,           0.0082483,           0.0082483,           0.0082483
                  95,            0.040041,            0.032071,           0.0046764,             0.75801,             0.66166,             0.72281,             0.51076,            0.034834,            0.019875,           0.0025835,           0.0082136,           0.0082136,           0.0082136
                  96,            0.039921,            0.032013,           0.0046133,             0.75328,             0.66573,             0.72355,             0.51164,            0.034794,            0.019847,           0.0025728,           0.0081786,           0.0081786,           0.0081786
                  97,             0.03982,            0.032026,           0.0046387,             0.76088,             0.66154,             0.72438,             0.51256,            0.034752,            0.019821,           0.0025629,           0.0081433,           0.0081433,           0.0081433
                  98,            0.039911,             0.03216,           0.0046029,             0.76453,              0.6605,             0.72528,             0.51353,            0.034712,            0.019796,           0.0025534,           0.0081078,           0.0081078,           0.0081078
                  99,            0.039849,            0.032151,           0.0046085,               0.765,             0.66127,              0.7261,             0.51442,            0.034673,            0.019769,           0.0025429,           0.0080721,           0.0080721,           0.0080721
                 100,             0.03973,            0.031793,           0.0045986,             0.76618,             0.66184,             0.72714,             0.51532,            0.034635,            0.019743,           0.0025322,           0.0080362,           0.0080362,           0.0080362
                 101,             0.03969,            0.031901,           0.0045419,             0.76608,             0.66318,             0.72796,             0.51608,            0.034596,            0.019716,           0.0025219,               0.008,               0.008,               0.008
                 102,            0.039735,            0.031863,           0.0044796,             0.76771,             0.66334,             0.72896,             0.51691,            0.034556,            0.019687,           0.0025089,           0.0079636,           0.0079636,           0.0079636
                 103,            0.039675,            0.031877,           0.0045407,             0.76709,             0.66436,             0.72986,             0.51777,            0.034518,            0.019662,           0.0024976,            0.007927,            0.007927,            0.007927
                 104,            0.039691,            0.031877,           0.0045942,             0.77396,             0.66112,             0.73059,             0.51858,            0.034483,            0.019637,           0.0024872,           0.0078902,           0.0078902,           0.0078902
                 105,            0.039636,             0.03183,           0.0045665,             0.76512,              0.6678,             0.73134,             0.51948,            0.034447,            0.019614,            0.002478,           0.0078532,           0.0078532,           0.0078532
                 106,            0.039637,            0.031781,           0.0045212,             0.76339,             0.67064,             0.73244,             0.52046,            0.034414,            0.019589,           0.0024664,            0.007816,            0.007816,            0.007816
                 107,            0.039514,            0.031739,           0.0044842,             0.76143,             0.67326,             0.73344,             0.52144,             0.03438,            0.019566,           0.0024547,           0.0077785,           0.0077785,           0.0077785
                 108,            0.039479,            0.031677,           0.0044521,             0.75659,             0.67804,             0.73425,             0.52214,            0.034345,            0.019543,           0.0024437,           0.0077409,           0.0077409,           0.0077409
                 109,            0.039489,            0.031897,           0.0044223,             0.75615,             0.67938,             0.73508,             0.52298,            0.034309,             0.01952,           0.0024323,           0.0077031,           0.0077031,           0.0077031
                 110,            0.039423,            0.031494,           0.0044721,              0.7617,              0.6767,             0.73596,             0.52383,            0.034275,            0.019499,           0.0024214,           0.0076651,           0.0076651,           0.0076651
                 111,            0.039378,              0.0317,           0.0044833,             0.76194,             0.67758,             0.73663,             0.52459,            0.034242,            0.019477,           0.0024107,           0.0076269,           0.0076269,           0.0076269
                 112,            0.039389,            0.031603,           0.0044029,             0.76449,             0.67753,              0.7377,             0.52545,            0.034207,            0.019453,           0.0023987,           0.0075886,           0.0075886,           0.0075886
                 113,            0.039361,              0.0316,           0.0044461,             0.76248,             0.68001,             0.73847,             0.52628,            0.034171,            0.019431,           0.0023872,           0.0075501,           0.0075501,           0.0075501
                 114,            0.039377,            0.031639,           0.0044027,             0.76024,             0.68234,             0.73936,             0.52704,            0.034137,             0.01941,           0.0023776,           0.0075114,           0.0075114,           0.0075114
                 115,            0.039334,            0.031725,           0.0043896,             0.76114,             0.68314,             0.74008,             0.52789,            0.034105,            0.019388,           0.0023683,           0.0074725,           0.0074725,           0.0074725
                 116,            0.039326,            0.031641,            0.004364,             0.76686,             0.68011,             0.74095,             0.52856,            0.034075,            0.019367,           0.0023593,           0.0074335,           0.0074335,           0.0074335
                 117,            0.039382,            0.031602,           0.0044444,             0.76931,             0.68033,             0.74196,             0.52942,            0.034045,            0.019347,           0.0023495,           0.0073943,           0.0073943,           0.0073943
                 118,            0.039245,            0.031542,           0.0043916,             0.76986,             0.68086,             0.74292,             0.53019,            0.034013,            0.019327,           0.0023391,            0.007355,            0.007355,            0.007355
                 119,            0.039183,            0.031417,           0.0043667,             0.77125,             0.68154,             0.74384,             0.53096,             0.03398,            0.019307,           0.0023294,           0.0073155,           0.0073155,           0.0073155
                 120,            0.039191,            0.031518,           0.0043484,             0.76743,             0.68551,             0.74475,             0.53167,             0.03395,            0.019286,           0.0023194,           0.0072758,           0.0072758,           0.0072758
                 121,            0.039224,             0.03146,            0.004359,             0.77636,             0.68049,             0.74555,             0.53259,            0.033921,            0.019264,           0.0023101,           0.0072361,           0.0072361,           0.0072361
                 122,            0.039113,             0.03146,           0.0043186,             0.76959,             0.68602,             0.74634,             0.53332,            0.033891,            0.019244,           0.0023004,           0.0071962,           0.0071962,           0.0071962
                 123,            0.039116,            0.031508,           0.0042989,             0.77039,             0.68663,             0.74688,             0.53405,            0.033862,            0.019227,           0.0022914,           0.0071561,           0.0071561,           0.0071561
                 124,             0.03907,            0.031505,           0.0043345,             0.77682,              0.6835,             0.74766,             0.53478,            0.033832,            0.019206,           0.0022812,            0.007116,            0.007116,            0.007116
                 125,            0.039036,            0.031503,           0.0042632,             0.77697,             0.68419,              0.7486,             0.53553,            0.033802,            0.019185,           0.0022709,           0.0070757,           0.0070757,           0.0070757
                 126,             0.03908,            0.031463,           0.0043248,             0.77354,             0.68729,              0.7492,             0.53638,            0.033773,            0.019167,           0.0022615,           0.0070353,           0.0070353,           0.0070353
                 127,            0.038957,            0.031352,           0.0042907,             0.78155,             0.68297,             0.75018,             0.53705,            0.033743,            0.019147,           0.0022509,           0.0069948,           0.0069948,           0.0069948
                 128,            0.038978,            0.031293,           0.0042873,             0.77529,             0.68887,             0.75101,             0.53769,            0.033716,            0.019128,           0.0022414,           0.0069541,           0.0069541,           0.0069541
                 129,            0.038914,            0.031395,           0.0042164,             0.77734,             0.68826,             0.75164,             0.53839,            0.033687,            0.019108,           0.0022317,           0.0069134,           0.0069134,           0.0069134
                 130,            0.038922,             0.03139,           0.0042243,             0.78515,             0.68368,             0.75228,             0.53925,            0.033658,            0.019087,           0.0022208,           0.0068726,           0.0068726,           0.0068726
                 131,            0.038899,            0.031278,           0.0042811,              0.7781,             0.68953,             0.75312,             0.53994,             0.03363,            0.019069,           0.0022114,           0.0068316,           0.0068316,           0.0068316
                 132,            0.038827,            0.031333,           0.0042167,             0.78039,             0.68932,             0.75396,             0.54059,            0.033603,            0.019049,           0.0022009,           0.0067906,           0.0067906,           0.0067906
                 133,            0.038816,            0.031239,           0.0041756,             0.77708,             0.69257,             0.75489,             0.54149,            0.033574,            0.019026,           0.0021894,           0.0067495,           0.0067495,           0.0067495
                 134,            0.038829,            0.031193,           0.0041437,             0.77995,             0.69149,             0.75591,              0.5423,            0.033546,            0.019006,           0.0021778,           0.0067083,           0.0067083,           0.0067083
                 135,            0.038716,            0.031111,           0.0042041,             0.78539,             0.68902,             0.75664,             0.54318,            0.033518,            0.018987,           0.0021676,           0.0066671,           0.0066671,           0.0066671
                 136,            0.038703,            0.031251,           0.0041979,             0.78408,             0.69082,             0.75737,              0.5439,            0.033491,            0.018967,           0.0021584,           0.0066257,           0.0066257,           0.0066257
                 137,            0.038781,            0.031187,           0.0041484,             0.77622,             0.69739,             0.75844,             0.54465,            0.033463,            0.018948,           0.0021482,           0.0065843,           0.0065843,           0.0065843
                 138,            0.038678,            0.031248,           0.0042339,             0.77636,             0.69804,             0.75904,              0.5454,            0.033436,            0.018928,           0.0021384,           0.0065429,           0.0065429,           0.0065429
                 139,            0.038712,            0.031321,           0.0041772,             0.78156,             0.69575,             0.76003,               0.546,            0.033409,            0.018908,           0.0021286,           0.0065013,           0.0065013,           0.0065013
                 140,            0.038603,             0.03121,           0.0041289,             0.78544,               0.694,             0.76078,             0.54678,            0.033382,            0.018888,           0.0021182,           0.0064597,           0.0064597,           0.0064597
                 141,            0.038591,            0.031055,           0.0041542,             0.79158,             0.69099,             0.76154,             0.54748,            0.033355,             0.01887,           0.0021087,           0.0064181,           0.0064181,           0.0064181
                 142,            0.038583,            0.031092,            0.004096,             0.78985,             0.69369,             0.76253,              0.5483,            0.033327,            0.018851,           0.0020993,           0.0063764,           0.0063764,           0.0063764
                 143,             0.03856,            0.031253,           0.0041206,             0.77721,             0.70375,             0.76348,             0.54914,              0.0333,             0.01883,           0.0020901,           0.0063347,           0.0063347,           0.0063347
                 144,            0.038526,            0.031177,           0.0041594,             0.77406,             0.70726,             0.76442,             0.54991,            0.033273,            0.018812,           0.0020811,            0.006293,            0.006293,            0.006293
                 145,            0.038503,            0.031118,           0.0040998,              0.7729,             0.70881,             0.76512,             0.55081,            0.033246,            0.018794,           0.0020713,           0.0062512,           0.0062512,           0.0062512
                 146,            0.038405,            0.031006,           0.0040796,             0.78165,             0.70354,               0.766,             0.55171,            0.033219,            0.018775,           0.0020619,           0.0062093,           0.0062093,           0.0062093
                 147,            0.038361,            0.030916,            0.004074,             0.79035,             0.69857,             0.76676,             0.55234,            0.033194,            0.018757,           0.0020521,           0.0061675,           0.0061675,           0.0061675
                 148,            0.038365,            0.031007,             0.00404,             0.79083,             0.69937,             0.76748,             0.55321,            0.033165,            0.018739,           0.0020426,           0.0061256,           0.0061256,           0.0061256
                 149,            0.038304,            0.030922,           0.0040372,             0.78128,             0.70707,             0.76823,             0.55371,            0.033137,            0.018721,            0.002033,           0.0060838,           0.0060838,           0.0060838
                 150,            0.038318,            0.030841,            0.003955,             0.77869,             0.71024,             0.76889,             0.55429,            0.033111,            0.018704,           0.0020243,           0.0060419,           0.0060419,           0.0060419
                 151,            0.038331,            0.031038,           0.0040701,             0.78109,             0.70976,             0.76952,             0.55506,            0.033084,            0.018687,           0.0020156,               0.006,               0.006,               0.006
                 152,            0.038225,            0.030882,           0.0039939,             0.78254,             0.70973,             0.77039,             0.55582,             0.03306,            0.018669,            0.002007,           0.0059581,           0.0059581,           0.0059581
                 153,            0.038266,            0.031011,           0.0040261,             0.78441,             0.70916,             0.77129,             0.55659,            0.033034,             0.01865,           0.0019965,           0.0059162,           0.0059162,           0.0059162
                 154,            0.038223,            0.030862,            0.003981,             0.79767,             0.70126,             0.77199,             0.55735,            0.033008,            0.018631,           0.0019867,           0.0058744,           0.0058744,           0.0058744
                 155,            0.038124,            0.030865,           0.0039834,             0.79463,             0.70479,             0.77283,             0.55807,            0.032982,            0.018612,           0.0019766,           0.0058325,           0.0058325,           0.0058325
                 156,            0.038117,             0.03091,            0.003952,              0.7913,             0.70821,             0.77351,             0.55884,            0.032957,            0.018595,           0.0019666,           0.0057907,           0.0057907,           0.0057907
                 157,            0.038072,            0.030776,           0.0039781,             0.78611,             0.71235,             0.77409,             0.55954,            0.032931,            0.018576,           0.0019574,           0.0057488,           0.0057488,           0.0057488
                 158,            0.038084,             0.03083,           0.0039286,             0.78929,             0.71125,             0.77485,             0.56031,            0.032906,            0.018559,           0.0019485,            0.005707,            0.005707,            0.005707
                 159,            0.038052,            0.030711,           0.0039352,             0.78896,             0.71254,             0.77548,             0.56095,            0.032879,             0.01854,             0.00194,           0.0056653,           0.0056653,           0.0056653
                 160,            0.037972,            0.030751,           0.0039555,             0.79952,             0.70666,             0.77621,              0.5615,            0.032854,            0.018522,           0.0019321,           0.0056236,           0.0056236,           0.0056236
                 161,            0.037941,            0.030706,           0.0038965,             0.79995,               0.708,              0.7771,             0.56223,             0.03283,            0.018503,           0.0019224,           0.0055819,           0.0055819,           0.0055819
                 162,             0.03789,            0.030424,           0.0038946,             0.79706,             0.71087,             0.77789,             0.56299,            0.032805,            0.018483,           0.0019128,           0.0055403,           0.0055403,           0.0055403
                 163,            0.037887,            0.030609,           0.0038763,             0.80486,              0.7065,             0.77866,             0.56369,             0.03278,            0.018464,            0.001903,           0.0054987,           0.0054987,           0.0054987
                 164,            0.037903,            0.030599,           0.0039179,             0.80247,             0.70865,              0.7793,             0.56458,            0.032755,            0.018445,           0.0018944,           0.0054571,           0.0054571,           0.0054571
                 165,            0.037814,            0.030591,           0.0038513,             0.80434,             0.70851,             0.77998,             0.56563,            0.032731,            0.018427,           0.0018853,           0.0054157,           0.0054157,           0.0054157
                 166,            0.037853,            0.030562,           0.0038162,             0.80589,             0.70827,             0.78081,              0.5663,            0.032705,            0.018408,           0.0018761,           0.0053743,           0.0053743,           0.0053743
                 167,            0.037838,            0.030649,           0.0038643,             0.80809,             0.70794,             0.78147,              0.5669,            0.032681,            0.018389,           0.0018674,           0.0053329,           0.0053329,           0.0053329
                 168,            0.037751,             0.03059,           0.0038588,             0.81132,             0.70664,             0.78228,             0.56774,            0.032656,            0.018369,           0.0018583,           0.0052917,           0.0052917,           0.0052917
                 169,             0.03777,            0.030528,           0.0038533,             0.79859,             0.71699,             0.78324,             0.56839,            0.032631,            0.018351,           0.0018495,           0.0052505,           0.0052505,           0.0052505
                 170,            0.037809,            0.030595,            0.003841,             0.80232,             0.71544,             0.78418,             0.56924,            0.032608,            0.018334,           0.0018413,           0.0052094,           0.0052094,           0.0052094
                 171,            0.037682,            0.030521,           0.0037885,             0.81308,             0.70893,             0.78493,             0.57011,            0.032583,            0.018315,           0.0018309,           0.0051684,           0.0051684,           0.0051684
                 172,             0.03759,            0.030399,           0.0037603,              0.8107,             0.71141,             0.78579,               0.571,            0.032559,            0.018297,           0.0018198,           0.0051274,           0.0051274,           0.0051274
                 173,            0.037531,            0.030483,           0.0037255,             0.81434,             0.71016,             0.78675,             0.57173,            0.032535,             0.01828,           0.0018098,           0.0050866,           0.0050866,           0.0050866
                 174,            0.037599,            0.030545,           0.0037723,             0.80688,             0.71667,             0.78758,             0.57237,            0.032512,            0.018263,           0.0018006,           0.0050459,           0.0050459,           0.0050459
                 175,            0.037569,            0.030238,           0.0037338,             0.82125,              0.7084,             0.78862,             0.57327,            0.032487,            0.018246,           0.0017901,           0.0050052,           0.0050052,           0.0050052
                 176,            0.037546,            0.030258,           0.0036423,             0.82074,             0.70949,              0.7895,             0.57397,            0.032462,             0.01823,           0.0017809,           0.0049647,           0.0049647,           0.0049647
                 177,            0.037503,            0.030213,           0.0037663,             0.81453,             0.71453,             0.79015,              0.5745,            0.032438,            0.018214,           0.0017725,           0.0049243,           0.0049243,           0.0049243
                 178,            0.037373,            0.030174,            0.003646,             0.80782,             0.72005,             0.79091,             0.57516,            0.032413,            0.018196,           0.0017636,            0.004884,            0.004884,            0.004884
                 179,            0.037404,            0.030253,           0.0036789,             0.80523,             0.72303,             0.79175,              0.5759,            0.032388,            0.018179,           0.0017541,           0.0048439,           0.0048439,           0.0048439
                 180,            0.037348,            0.030253,           0.0036081,             0.80931,             0.72108,             0.79259,             0.57655,            0.032362,            0.018162,           0.0017447,           0.0048038,           0.0048038,           0.0048038
                 181,            0.037477,            0.030307,           0.0036775,             0.80141,             0.72761,             0.79323,             0.57751,            0.032337,            0.018147,           0.0017353,           0.0047639,           0.0047639,           0.0047639
                 182,             0.03744,            0.030088,           0.0036734,             0.80705,             0.72469,             0.79399,             0.57846,            0.032313,            0.018129,            0.001726,           0.0047242,           0.0047242,           0.0047242
                 183,            0.037335,            0.030109,           0.0036718,             0.81733,             0.71895,              0.7949,             0.57914,             0.03229,             0.01811,           0.0017174,           0.0046845,           0.0046845,           0.0046845
                 184,            0.037299,            0.030138,           0.0036122,             0.81471,             0.72202,             0.79576,             0.57999,            0.032267,            0.018091,            0.001708,            0.004645,            0.004645,            0.004645
                 185,            0.037234,            0.030125,           0.0036651,             0.80667,             0.72931,             0.79673,             0.58086,            0.032242,            0.018072,           0.0016984,           0.0046057,           0.0046057,           0.0046057
                 186,            0.037237,            0.030058,           0.0036202,             0.80652,             0.73085,             0.79761,             0.58162,            0.032216,            0.018052,           0.0016891,           0.0045665,           0.0045665,           0.0045665
                 187,            0.037176,            0.030107,           0.0035428,             0.81194,             0.72819,             0.79825,             0.58245,            0.032192,            0.018032,           0.0016796,           0.0045275,           0.0045275,           0.0045275
                 188,            0.037124,            0.030106,            0.003569,             0.81379,             0.72819,             0.79907,             0.58321,            0.032167,            0.018011,           0.0016703,           0.0044886,           0.0044886,           0.0044886
                 189,            0.037181,            0.030087,           0.0035491,             0.81273,             0.73004,             0.79983,              0.5841,            0.032142,             0.01799,           0.0016607,           0.0044499,           0.0044499,           0.0044499
                 190,              0.0371,            0.029938,           0.0035109,             0.81718,             0.72797,             0.80065,              0.5847,            0.032118,            0.017967,           0.0016506,           0.0044114,           0.0044114,           0.0044114
                 191,            0.037082,            0.029907,           0.0034848,             0.80881,             0.73544,             0.80153,             0.58551,            0.032093,            0.017948,           0.0016411,           0.0043731,           0.0043731,           0.0043731
                 192,            0.036996,            0.029806,           0.0035684,             0.81546,             0.73181,             0.80237,             0.58613,            0.032068,            0.017927,            0.001631,           0.0043349,           0.0043349,           0.0043349
                 193,            0.037053,            0.029949,           0.0035399,             0.81686,             0.73195,             0.80317,             0.58684,            0.032044,            0.017905,           0.0016208,           0.0042969,           0.0042969,           0.0042969
                 194,            0.036912,            0.029829,           0.0035037,             0.81441,             0.73483,             0.80395,             0.58755,             0.03202,            0.017884,           0.0016112,           0.0042591,           0.0042591,           0.0042591
                 195,            0.036994,            0.029954,           0.0034466,             0.81934,             0.73222,             0.80457,             0.58841,            0.031994,            0.017864,           0.0016013,           0.0042215,           0.0042215,           0.0042215
                 196,            0.036854,            0.029867,           0.0034496,               0.815,             0.73699,             0.80557,             0.58916,            0.031969,            0.017844,           0.0015917,            0.004184,            0.004184,            0.004184
                 197,            0.036821,             0.02974,           0.0034677,             0.81762,             0.73637,             0.80637,              0.5899,            0.031944,            0.017822,           0.0015821,           0.0041468,           0.0041468,           0.0041468
                 198,             0.03679,            0.029766,           0.0034416,             0.82174,             0.73445,             0.80702,              0.5908,             0.03192,            0.017801,            0.001573,           0.0041098,           0.0041098,           0.0041098
                 199,            0.036805,             0.02975,           0.0033787,             0.82197,             0.73571,              0.8078,             0.59147,            0.031896,            0.017781,           0.0015626,            0.004073,            0.004073,            0.004073
                 200,            0.036677,            0.029663,           0.0034194,             0.81985,             0.73814,             0.80871,              0.5922,             0.03187,             0.01776,           0.0015527,           0.0040364,           0.0040364,           0.0040364
                 201,            0.036729,            0.029774,           0.0034351,             0.82066,             0.73869,             0.80953,             0.59297,            0.031845,             0.01774,           0.0015428,               0.004,               0.004,               0.004
                 202,            0.036736,            0.029741,           0.0033832,             0.82156,             0.73957,             0.81043,             0.59374,             0.03182,             0.01772,           0.0015329,           0.0039638,           0.0039638,           0.0039638
                 203,             0.03667,            0.029686,           0.0033085,             0.82682,             0.73711,             0.81125,             0.59453,            0.031795,            0.017702,           0.0015226,           0.0039279,           0.0039279,           0.0039279
                 204,            0.036683,            0.029766,           0.0033502,             0.82768,             0.73796,             0.81223,             0.59538,             0.03177,            0.017682,           0.0015127,           0.0038922,           0.0038922,           0.0038922
                 205,            0.036636,            0.029663,           0.0033612,             0.81927,             0.74499,             0.81297,             0.59615,            0.031746,            0.017662,           0.0015031,           0.0038567,           0.0038567,           0.0038567
                 206,            0.036588,            0.029514,           0.0033947,             0.82491,             0.74214,             0.81381,             0.59691,            0.031722,            0.017641,           0.0014941,           0.0038214,           0.0038214,           0.0038214
                 207,            0.036476,            0.029568,           0.0033079,             0.82539,             0.74304,             0.81469,             0.59783,            0.031695,             0.01762,            0.001485,           0.0037864,           0.0037864,           0.0037864
                 208,             0.03645,            0.029587,           0.0033125,             0.82882,             0.74153,             0.81548,             0.59883,            0.031669,            0.017598,           0.0014755,           0.0037517,           0.0037517,           0.0037517
                 209,            0.036422,            0.029408,           0.0033154,             0.82523,             0.74526,             0.81622,             0.59963,            0.031643,            0.017577,           0.0014671,           0.0037171,           0.0037171,           0.0037171
                 210,            0.036373,            0.029482,           0.0033028,             0.82725,             0.74459,             0.81698,             0.60035,            0.031616,            0.017555,           0.0014578,           0.0036829,           0.0036829,           0.0036829
                 211,            0.036387,            0.029404,           0.0032709,             0.82743,             0.74558,             0.81778,             0.60122,            0.031592,            0.017535,            0.001448,           0.0036489,           0.0036489,           0.0036489
                 212,            0.036429,            0.029509,           0.0032069,             0.82934,             0.74594,             0.81868,             0.60192,            0.031566,            0.017515,           0.0014387,           0.0036151,           0.0036151,           0.0036151
                 213,            0.036414,            0.029376,           0.0033441,             0.83195,             0.74499,             0.81941,             0.60262,            0.031541,            0.017496,           0.0014291,           0.0035816,           0.0035816,           0.0035816
                 214,            0.036351,            0.029412,           0.0032764,             0.83661,             0.74266,             0.81996,             0.60341,            0.031515,            0.017474,           0.0014197,           0.0035484,           0.0035484,           0.0035484
                 215,            0.036268,            0.029254,           0.0032313,             0.83703,             0.74395,             0.82082,             0.60426,            0.031488,            0.017451,           0.0014099,           0.0035154,           0.0035154,           0.0035154
                 216,            0.036243,            0.029424,           0.0032336,             0.83889,             0.74395,             0.82166,             0.60502,            0.031463,             0.01743,           0.0014001,           0.0034827,           0.0034827,           0.0034827
                 217,            0.036194,            0.029302,           0.0032109,             0.83124,             0.75048,              0.8224,              0.6059,            0.031436,            0.017408,           0.0013901,           0.0034503,           0.0034503,           0.0034503
                 218,            0.036164,            0.029254,           0.0031535,             0.83621,             0.74855,             0.82331,             0.60669,            0.031411,            0.017387,           0.0013806,           0.0034182,           0.0034182,           0.0034182
                 219,            0.036114,            0.029194,           0.0031309,             0.83542,             0.75093,             0.82424,             0.60723,            0.031386,            0.017367,           0.0013711,           0.0033863,           0.0033863,           0.0033863
                 220,            0.036091,            0.029245,           0.0031847,             0.83534,             0.75256,             0.82504,             0.60814,            0.031361,            0.017345,           0.0013619,           0.0033548,           0.0033548,           0.0033548
                 221,            0.036096,            0.029294,           0.0031574,             0.83745,             0.75248,              0.8259,             0.60881,            0.031335,            0.017324,           0.0013527,           0.0033235,           0.0033235,           0.0033235
                 222,            0.036048,            0.029106,            0.003112,              0.8427,             0.74976,             0.82672,             0.60984,            0.031308,            0.017303,           0.0013429,           0.0032925,           0.0032925,           0.0032925
                 223,            0.036041,             0.02921,           0.0030988,             0.83995,             0.75274,             0.82749,             0.61053,            0.031282,            0.017281,           0.0013325,           0.0032618,           0.0032618,           0.0032618
                 224,            0.035945,            0.028975,           0.0030866,             0.83448,             0.75774,              0.8284,             0.61129,            0.031256,            0.017262,           0.0013226,           0.0032314,           0.0032314,           0.0032314
                 225,            0.035963,            0.029061,           0.0030811,             0.83469,             0.75922,             0.82944,             0.61203,            0.031229,             0.01724,           0.0013125,           0.0032013,           0.0032013,           0.0032013
                 226,            0.035889,            0.028958,           0.0030995,             0.84771,             0.75139,             0.82986,             0.61283,            0.031203,             0.01722,           0.0013032,           0.0031716,           0.0031716,           0.0031716
                 227,            0.035848,            0.028972,           0.0030687,             0.84758,             0.75278,             0.83065,             0.61362,            0.031177,            0.017201,           0.0012939,           0.0031421,           0.0031421,           0.0031421
                 228,            0.035897,            0.028972,           0.0031012,             0.83831,             0.76029,             0.83133,             0.61438,            0.031151,            0.017178,           0.0012849,            0.003113,            0.003113,            0.003113
                 229,             0.03584,            0.029008,           0.0030844,             0.83871,             0.76166,              0.8322,             0.61544,            0.031126,            0.017158,           0.0012764,           0.0030841,           0.0030841,           0.0030841
                 230,            0.035759,            0.029062,           0.0030661,             0.84041,             0.76161,             0.83303,             0.61616,            0.031102,            0.017135,           0.0012679,           0.0030556,           0.0030556,           0.0030556
                 231,             0.03575,            0.028901,           0.0029757,             0.84666,             0.75886,             0.83384,             0.61704,            0.031076,            0.017114,           0.0012585,           0.0030274,           0.0030274,           0.0030274
                 232,            0.035843,            0.028909,           0.0030079,             0.84649,             0.75996,             0.83443,             0.61782,            0.031051,            0.017095,           0.0012499,           0.0029996,           0.0029996,           0.0029996
                 233,            0.035726,            0.028943,           0.0029912,             0.84536,             0.76184,             0.83516,              0.6187,            0.031026,            0.017073,            0.001241,            0.002972,            0.002972,            0.002972
                 234,            0.035599,            0.028815,           0.0029743,             0.84737,             0.76173,             0.83591,             0.61951,            0.031001,            0.017055,           0.0012321,           0.0029448,           0.0029448,           0.0029448
                 235,            0.035605,            0.028827,           0.0029283,             0.84849,             0.76261,             0.83668,             0.62028,            0.030976,            0.017036,           0.0012229,           0.0029179,           0.0029179,           0.0029179
                 236,             0.03562,            0.028852,           0.0029436,             0.85186,             0.76083,              0.8374,             0.62094,            0.030951,            0.017014,           0.0012132,           0.0028914,           0.0028914,           0.0028914
                 237,            0.035572,            0.028729,             0.00293,             0.85167,             0.76231,             0.83828,              0.6217,            0.030925,            0.016988,           0.0012036,           0.0028652,           0.0028652,           0.0028652
                 238,            0.035543,            0.028841,            0.002924,             0.84512,             0.76878,             0.83907,             0.62265,            0.030901,            0.016967,           0.0011959,           0.0028394,           0.0028394,           0.0028394
                 239,            0.035529,            0.028651,           0.0029223,             0.84825,             0.76825,             0.83988,             0.62333,            0.030877,            0.016946,           0.0011876,           0.0028139,           0.0028139,           0.0028139
                 240,            0.035413,            0.028576,           0.0029083,             0.85082,             0.76767,             0.84063,             0.62417,            0.030852,            0.016924,           0.0011791,           0.0027887,           0.0027887,           0.0027887
                 241,            0.035479,            0.028665,           0.0029264,             0.84672,             0.77174,             0.84139,             0.62491,            0.030826,            0.016901,           0.0011712,           0.0027639,           0.0027639,           0.0027639
                 242,            0.035372,            0.028634,           0.0028146,             0.85611,             0.76613,             0.84204,             0.62554,            0.030801,             0.01688,           0.0011625,           0.0027395,           0.0027395,           0.0027395
                 243,            0.035351,            0.028611,           0.0028494,             0.85871,             0.76557,             0.84295,             0.62636,            0.030775,             0.01686,           0.0011535,           0.0027154,           0.0027154,           0.0027154
                 244,            0.035363,            0.028547,           0.0028529,             0.85787,             0.76747,             0.84377,             0.62717,            0.030749,            0.016835,           0.0011446,           0.0026917,           0.0026917,           0.0026917
                 245,            0.035342,            0.028539,            0.002854,             0.85492,             0.77097,              0.8445,             0.62789,            0.030724,            0.016812,           0.0011364,           0.0026683,           0.0026683,           0.0026683
                 246,            0.035295,            0.028453,            0.002827,             0.85423,             0.77227,             0.84524,              0.6286,            0.030699,            0.016787,           0.0011277,           0.0026453,           0.0026453,           0.0026453
                 247,            0.035326,            0.028577,           0.0028897,             0.85649,             0.77192,             0.84598,             0.62928,            0.030674,            0.016763,           0.0011197,           0.0026227,           0.0026227,           0.0026227
                 248,            0.035212,            0.028485,           0.0028237,             0.85611,               0.774,             0.84689,             0.63015,            0.030648,            0.016738,           0.0011114,           0.0026004,           0.0026004,           0.0026004
                 249,             0.03524,            0.028479,           0.0027882,             0.85366,             0.77712,             0.84762,             0.63097,            0.030622,            0.016716,           0.0011031,           0.0025785,           0.0025785,           0.0025785
                 250,            0.035129,            0.028387,           0.0027713,             0.85597,              0.7767,             0.84844,             0.63187,            0.030596,            0.016693,            0.001095,            0.002557,            0.002557,            0.002557
                 251,             0.03515,            0.028425,           0.0027579,             0.86153,             0.77432,             0.84914,             0.63253,            0.030573,             0.01667,            0.001087,           0.0025359,           0.0025359,           0.0025359
                 252,            0.035135,            0.028254,           0.0027163,             0.86139,             0.77545,             0.84976,             0.63332,            0.030549,            0.016647,           0.0010793,           0.0025151,           0.0025151,           0.0025151
                 253,            0.035151,            0.028389,           0.0027515,             0.85814,             0.77915,             0.85049,             0.63415,            0.030525,            0.016625,            0.001071,           0.0024948,           0.0024948,           0.0024948
                 254,            0.035095,            0.028191,           0.0027242,             0.85817,             0.78023,             0.85128,             0.63476,            0.030502,              0.0166,           0.0010633,           0.0024748,           0.0024748,           0.0024748
                 255,            0.034998,             0.02827,           0.0027029,             0.86256,             0.77789,             0.85204,             0.63553,            0.030478,            0.016577,           0.0010553,           0.0024552,           0.0024552,           0.0024552
                 256,             0.03502,            0.028216,           0.0026887,              0.8632,             0.77833,             0.85289,             0.63603,            0.030456,            0.016555,           0.0010472,            0.002436,            0.002436,            0.002436
                 257,            0.035043,            0.028118,           0.0027511,              0.8573,             0.78397,             0.85358,             0.63689,            0.030431,             0.01653,           0.0010398,           0.0024172,           0.0024172,           0.0024172
                 258,             0.03499,            0.028287,           0.0026528,             0.86381,             0.78046,             0.85435,             0.63764,            0.030408,            0.016506,           0.0010317,           0.0023987,           0.0023987,           0.0023987
                 259,            0.034943,            0.028156,            0.002664,             0.86407,             0.78175,             0.85512,             0.63817,            0.030383,            0.016482,           0.0010249,           0.0023807,           0.0023807,           0.0023807
                 260,            0.034883,             0.02815,           0.0027003,             0.86182,             0.78429,             0.85565,             0.63874,             0.03036,            0.016459,           0.0010181,           0.0023631,           0.0023631,           0.0023631
                 261,            0.034874,            0.027996,           0.0026703,             0.86387,             0.78339,             0.85626,              0.6395,            0.030336,            0.016437,           0.0010117,           0.0023458,           0.0023458,           0.0023458
                 262,             0.03494,             0.02805,            0.002673,             0.86494,             0.78314,             0.85692,             0.64023,            0.030312,            0.016415,           0.0010049,            0.002329,            0.002329,            0.002329
                 263,            0.034733,              0.0281,           0.0026267,             0.86706,             0.78269,             0.85767,             0.64118,            0.030289,            0.016396,          0.00099821,           0.0023125,           0.0023125,           0.0023125
                 264,             0.03483,            0.028069,           0.0026503,             0.86335,             0.78635,             0.85827,             0.64169,            0.030265,            0.016376,          0.00099191,           0.0022965,           0.0022965,           0.0022965
                 265,            0.034758,            0.027886,           0.0025704,             0.86433,             0.78692,             0.85896,             0.64248,            0.030241,            0.016352,           0.0009853,           0.0022809,           0.0022809,           0.0022809
                 266,            0.034787,            0.028046,           0.0026453,             0.87196,             0.78237,             0.85974,             0.64299,            0.030218,             0.01633,           0.0009795,           0.0022657,           0.0022657,           0.0022657
                 267,            0.034759,            0.028003,           0.0026131,             0.86791,             0.78658,             0.86039,             0.64362,            0.030193,             0.01631,          0.00097365,           0.0022509,           0.0022509,           0.0022509
                 268,            0.034706,            0.028041,           0.0025639,             0.86734,              0.7879,             0.86094,             0.64434,            0.030169,            0.016289,          0.00096761,           0.0022365,           0.0022365,           0.0022365
                 269,            0.034794,            0.027909,           0.0025983,              0.8707,             0.78623,             0.86152,             0.64515,            0.030145,            0.016267,          0.00096167,           0.0022225,           0.0022225,           0.0022225
                 270,            0.034707,             0.02794,           0.0025849,              0.8738,             0.78506,             0.86202,             0.64579,            0.030121,            0.016245,          0.00095606,           0.0022089,           0.0022089,           0.0022089
                 271,             0.03473,            0.027954,           0.0025888,             0.87074,             0.78834,             0.86262,             0.64654,            0.030097,            0.016224,          0.00094959,           0.0021958,           0.0021958,           0.0021958
                 272,            0.034678,            0.027919,           0.0025815,             0.87078,             0.78946,             0.86329,             0.64711,            0.030074,            0.016203,          0.00094379,            0.002183,            0.002183,            0.002183
                 273,            0.034696,            0.027944,           0.0026263,             0.87177,             0.79001,             0.86383,             0.64776,            0.030051,            0.016183,          0.00093939,           0.0021707,           0.0021707,           0.0021707
                 274,            0.034677,             0.02792,           0.0026005,             0.87381,             0.78962,              0.8643,             0.64827,            0.030029,            0.016164,          0.00093418,           0.0021588,           0.0021588,           0.0021588
                 275,            0.034584,            0.027776,           0.0025288,             0.87739,             0.78763,             0.86472,             0.64878,            0.030006,            0.016144,          0.00092894,           0.0021473,           0.0021473,           0.0021473
                 276,            0.034596,            0.027701,           0.0025553,             0.87235,             0.79253,             0.86512,             0.64953,            0.029982,            0.016122,          0.00092391,           0.0021363,           0.0021363,           0.0021363
                 277,            0.034565,            0.027842,           0.0025155,             0.87216,             0.79371,             0.86571,             0.65009,            0.029961,            0.016103,          0.00091852,           0.0021257,           0.0021257,           0.0021257
                 278,            0.034499,            0.027807,           0.0025254,             0.87414,              0.7932,             0.86627,             0.65053,            0.029938,            0.016084,          0.00091332,           0.0021155,           0.0021155,           0.0021155
                 279,            0.034597,            0.027904,           0.0025391,             0.87538,             0.79363,              0.8671,             0.65116,            0.029915,            0.016062,          0.00090735,           0.0021057,           0.0021057,           0.0021057
                 280,            0.034406,            0.027732,            0.002523,             0.87785,             0.79277,             0.86774,             0.65171,            0.029892,            0.016041,          0.00090201,           0.0020963,           0.0020963,           0.0020963
                 281,            0.034548,             0.02777,           0.0025066,             0.87459,             0.79621,             0.86838,             0.65263,            0.029869,             0.01602,          0.00089683,           0.0020874,           0.0020874,           0.0020874
                 282,            0.034477,            0.027771,           0.0025175,             0.87767,             0.79461,             0.86878,             0.65304,            0.029847,            0.016001,          0.00089168,           0.0020789,           0.0020789,           0.0020789
                 283,            0.034573,            0.027716,           0.0024732,              0.8814,             0.79263,             0.86918,             0.65388,            0.029825,            0.015982,          0.00088687,           0.0020709,           0.0020709,           0.0020709
                 284,            0.034409,            0.027596,           0.0024737,             0.87498,             0.79851,             0.86985,              0.6546,            0.029802,            0.015962,          0.00088163,           0.0020632,           0.0020632,           0.0020632
                 285,             0.03441,            0.027591,           0.0024858,             0.87841,             0.79718,             0.87045,             0.65527,            0.029781,            0.015944,          0.00087679,            0.002056,            0.002056,            0.002056
                 286,            0.034402,            0.027738,           0.0024419,             0.87885,             0.79785,             0.87116,             0.65572,            0.029759,            0.015925,          0.00087187,           0.0020492,           0.0020492,           0.0020492
                 287,            0.034396,            0.027634,           0.0024317,              0.8811,             0.79704,             0.87151,             0.65633,            0.029736,            0.015903,          0.00086687,           0.0020429,           0.0020429,           0.0020429
                 288,            0.034374,            0.027596,           0.0024537,             0.88094,             0.79822,             0.87194,             0.65678,            0.029715,            0.015886,          0.00086223,            0.002037,            0.002037,            0.002037
                 289,            0.034383,             0.02767,           0.0024948,              0.8827,             0.79751,             0.87255,             0.65749,            0.029695,             0.01587,          0.00085768,           0.0020315,           0.0020315,           0.0020315
                 290,            0.034373,            0.027526,           0.0024721,             0.88542,              0.7967,             0.87314,             0.65807,            0.029675,            0.015854,          0.00085322,           0.0020265,           0.0020265,           0.0020265
                 291,            0.034363,            0.027628,           0.0024531,             0.88929,             0.79439,             0.87356,             0.65858,            0.029655,            0.015838,          0.00084886,           0.0020219,           0.0020219,           0.0020219
                 292,            0.034335,            0.027685,           0.0024849,             0.88998,             0.79465,             0.87418,             0.65921,            0.029634,            0.015821,          0.00084442,           0.0020178,           0.0020178,           0.0020178
                 293,            0.034338,            0.027578,           0.0024481,             0.89129,             0.79465,             0.87471,             0.65942,            0.029614,            0.015803,          0.00084018,            0.002014,            0.002014,            0.002014
                 294,            0.034304,            0.027621,           0.0024465,              0.8973,             0.79095,             0.87506,             0.65987,            0.029596,            0.015784,          0.00083674,           0.0020107,           0.0020107,           0.0020107
                 295,            0.034235,            0.027476,           0.0024329,             0.88814,             0.79819,             0.87542,             0.66028,            0.029578,            0.015768,          0.00083253,           0.0020079,           0.0020079,           0.0020079
                 296,            0.034254,            0.027479,           0.0024222,              0.8973,             0.79232,              0.8757,             0.66071,            0.029559,            0.015752,          0.00082894,           0.0020055,           0.0020055,           0.0020055
                 297,            0.034337,             0.02745,            0.002465,             0.89513,             0.79442,             0.87608,             0.66128,            0.029541,            0.015736,          0.00082517,           0.0020035,           0.0020035,           0.0020035
                 298,            0.034269,             0.02754,           0.0024299,             0.89186,             0.79711,             0.87646,             0.66199,            0.029523,            0.015724,          0.00082173,            0.002002,            0.002002,            0.002002
                 299,            0.034325,            0.027584,           0.0024246,             0.88985,             0.79946,             0.87687,             0.66259,            0.029503,            0.015702,          0.00081765,           0.0020009,           0.0020009,           0.0020009
